"Module","FileName","FormId","Path"
"Base","Form.cs","Form","HAENGSUNG_HNSMES_UI\Forms\Base\Form.cs"
"Base","UserControl.cs","UserControl","HAENGSUNG_HNSMES_UI\Forms\Base\UserControl.cs"
"COM","AlertWindow.cs","AlertWindow","HAENGSUNG_HNSMES_UI\Forms\COM\AlertWindow.cs"
"COM","COMBARPRINTSETTING.cs","COMBARPRINTSETTING","HAENGSUNG_HNSMES_UI\Forms\COM\COMBARPRINTSETTING.cs"
"COM","COMCLOSING.cs","COMCLOSING","HAENGSUNG_HNSMES_UI\Forms\COM\COMCLOSING.cs"
"COM","COMFAVORITES.cs","COMFAVORITES","HAENGSUNG_HNSMES_UI\Forms\COM\COMFAVORITES.cs"
"COM","COMGRIDDEGINE.cs","COMGRIDDEGINE","HAENGSUNG_HNSMES_UI\Forms\COM\COMGRIDDEGINE.cs"
"COM","COMHELP.cs","COMHELP","HAENGSUNG_HNSMES_UI\Forms\COM\COMHELP.cs"
"COM","COMLOGIN.cs","COMLOGIN","HAENGSUNG_HNSMES_UI\Forms\COM\COMLOGIN.cs"
"COM","COMPREVIEW.cs","COMPREVIEW","HAENGSUNG_HNSMES_UI\Forms\COM\COMPREVIEW.cs"
"COM","COMPROGRESS.cs","COMPROGRESS","HAENGSUNG_HNSMES_UI\Forms\COM\COMPROGRESS.cs"
"COM","COMPROGRESS_v2.cs","COMPROGRESS_v2","HAENGSUNG_HNSMES_UI\Forms\COM\COMPROGRESS_v2.cs"
"COM","COMPWDCHANGE.cs","COMPWDCHANGE","HAENGSUNG_HNSMES_UI\Forms\COM\COMPWDCHANGE.cs"
"COM","COMREGISTER.cs","COMREGISTER","HAENGSUNG_HNSMES_UI\Forms\COM\COMREGISTER.cs"
"COM","COMREGISTER_NEW.cs","COMREGISTER_NEW","HAENGSUNG_HNSMES_UI\Forms\COM\COMREGISTER_NEW.cs"
"COM","COMSCANNERSETTING.cs","COMSCANNERSETTING","HAENGSUNG_HNSMES_UI\Forms\COM\COMSCANNERSETTING.cs"
"COM","COMSPLASHSCREEN.cs","COMSPLASHSCREEN","HAENGSUNG_HNSMES_UI\Forms\COM\COMSPLASHSCREEN.cs"
"COM","COMSYSTEMHISTORY.cs","COMSYSTEMHISTORY","HAENGSUNG_HNSMES_UI\Forms\COM\COMSYSTEMHISTORY.cs"
"COM","COMSYSTEMSETTING.cs","COMSYSTEMSETTING","HAENGSUNG_HNSMES_UI\Forms\COM\COMSYSTEMSETTING.cs"
"COM","COMWAITFORM.cs","COMWAITFORM","HAENGSUNG_HNSMES_UI\Forms\COM\COMWAITFORM.cs"
"COM","NotifyWindow.cs","NotifyWindow","HAENGSUNG_HNSMES_UI\Forms\COM\NotifyWindow.cs"
"COM","Password.cs","Password","HAENGSUNG_HNSMES_UI\Forms\COM\Password.cs"
"MAT","MATA201.cs","MATA201","HAENGSUNG_HNSMES_UI\Forms\MAT\MATA201.cs"
"MAT","MATA202.cs","MATA202","HAENGSUNG_HNSMES_UI\Forms\MAT\MATA202.cs"
"MAT","MATA203.cs","MATA203","HAENGSUNG_HNSMES_UI\Forms\MAT\MATA203.cs"
"MAT","MATA204.cs","MATA204","HAENGSUNG_HNSMES_UI\Forms\MAT\MATA204.cs"
"MAT","MATA205.cs","MATA205","HAENGSUNG_HNSMES_UI\Forms\MAT\MATA205.cs"
"MAT","MATA206.cs","MATA206","HAENGSUNG_HNSMES_UI\Forms\MAT\MATA206.cs"
"MAT","MATA207.cs","MATA207","HAENGSUNG_HNSMES_UI\Forms\MAT\MATA207.cs"
"MAT","MATA208.cs","MATA208","HAENGSUNG_HNSMES_UI\Forms\MAT\MATA208.cs"
"MAT","MATA209.cs","MATA209","HAENGSUNG_HNSMES_UI\Forms\MAT\MATA209.cs"
"MAT","MATA210.cs","MATA210","HAENGSUNG_HNSMES_UI\Forms\MAT\MATA210.cs"
"MAT","MATB201.cs","MATB201","HAENGSUNG_HNSMES_UI\Forms\MAT\MATB201.cs"
"MAT","MATB202.cs","MATB202","HAENGSUNG_HNSMES_UI\Forms\MAT\MATB202.cs"
"MAT","MATB203.cs","MATB203","HAENGSUNG_HNSMES_UI\Forms\MAT\MATB203.cs"
"MAT","MATB204.cs","MATB204","HAENGSUNG_HNSMES_UI\Forms\MAT\MATB204.cs"
"MAT","MATB205.cs","MATB205","HAENGSUNG_HNSMES_UI\Forms\MAT\MATB205.cs"
"MAT","MATB206.cs","MATB206","HAENGSUNG_HNSMES_UI\Forms\MAT\MATB206.cs"
"MAT","MATB207.cs","MATB207","HAENGSUNG_HNSMES_UI\Forms\MAT\MATB207.cs"
"MAT","MATB208.cs","MATB208","HAENGSUNG_HNSMES_UI\Forms\MAT\MATB208.cs"
"MAT","MATB209.cs","MATB209","HAENGSUNG_HNSMES_UI\Forms\MAT\MATB209.cs"
"MAT","MATB210.cs","MATB210","HAENGSUNG_HNSMES_UI\Forms\MAT\MATB210.cs"
"MAT","MATB211.cs","MATB211","HAENGSUNG_HNSMES_UI\Forms\MAT\MATB211.cs"
"MAT","MATB212.cs","MATB212","HAENGSUNG_HNSMES_UI\Forms\MAT\MATB212.cs"
"MAT","MATB213.cs","MATB213","HAENGSUNG_HNSMES_UI\Forms\MAT\MATB213.cs"
"MAT","MATB214.cs","MATB214","HAENGSUNG_HNSMES_UI\Forms\MAT\MATB214.cs"
"MNT","MNTA201.cs","MNTA201","HAENGSUNG_HNSMES_UI\Forms\MNT\MNTA201.cs"
"MNT","MNTA202.cs","MNTA202","HAENGSUNG_HNSMES_UI\Forms\MNT\MNTA202.cs"
"MNT","MNTA203.cs","MNTA203","HAENGSUNG_HNSMES_UI\Forms\MNT\MNTA203.cs"
"MNT","MNTA204.cs","MNTA204","HAENGSUNG_HNSMES_UI\Forms\MNT\MNTA204.cs"
"MNT","MNTB201.cs","MNTB201","HAENGSUNG_HNSMES_UI\Forms\MNT\MNTB201.cs"
"MNT","MNTB202.cs","MNTB202","HAENGSUNG_HNSMES_UI\Forms\MNT\MNTB202.cs"
"MNT","MNTB203.cs","MNTB203","HAENGSUNG_HNSMES_UI\Forms\MNT\MNTB203.cs"
"MNT","MNTB204.cs","MNTB204","HAENGSUNG_HNSMES_UI\Forms\MNT\MNTB204.cs"
"MNT","MNTB205.cs","MNTB205","HAENGSUNG_HNSMES_UI\Forms\MNT\MNTB205.cs"
"MNT","MNTB206.cs","MNTB206","HAENGSUNG_HNSMES_UI\Forms\MNT\MNTB206.cs"
"MNT","MNTB207.cs","MNTB207","HAENGSUNG_HNSMES_UI\Forms\MNT\MNTB207.cs"
"MST","MSTA201.cs","MSTA201","HAENGSUNG_HNSMES_UI\Forms\MST\MSTA201.cs"
"MST","MSTA202.cs","MSTA202","HAENGSUNG_HNSMES_UI\Forms\MST\MSTA202.cs"
"MST","MSTA203.cs","MSTA203","HAENGSUNG_HNSMES_UI\Forms\MST\MSTA203.cs"
"MST","MSTA204.cs","MSTA204","HAENGSUNG_HNSMES_UI\Forms\MST\MSTA204.cs"
"MST","MSTA205.cs","MSTA205","HAENGSUNG_HNSMES_UI\Forms\MST\MSTA205.cs"
"MST","MSTA206.cs","MSTA206","HAENGSUNG_HNSMES_UI\Forms\MST\MSTA206.cs"
"MST","MSTA207.cs","MSTA207","HAENGSUNG_HNSMES_UI\Forms\MST\MSTA207.cs"
"MST","MSTA208.cs","MSTA208","HAENGSUNG_HNSMES_UI\Forms\MST\MSTA208.cs"
"MST","MSTA209.cs","MSTA209","HAENGSUNG_HNSMES_UI\Forms\MST\MSTA209.cs"
"MST","MSTA210.cs","MSTA210","HAENGSUNG_HNSMES_UI\Forms\MST\MSTA210.cs"
"MST","MSTA211.cs","MSTA211","HAENGSUNG_HNSMES_UI\Forms\MST\MSTA211.cs"
"MST","MSTA212.cs","MSTA212","HAENGSUNG_HNSMES_UI\Forms\MST\MSTA212.cs"
"MST","MSTA213.cs","MSTA213","HAENGSUNG_HNSMES_UI\Forms\MST\MSTA213.cs"
"MST","MSTA216.cs","MSTA216","HAENGSUNG_HNSMES_UI\Forms\MST\MSTA216.cs"
"MST","MSTA217.cs","MSTA217","HAENGSUNG_HNSMES_UI\Forms\MST\MSTA217.cs"
"MST","MSTA218.cs","MSTA218","HAENGSUNG_HNSMES_UI\Forms\MST\MSTA218.cs"
"MST","MSTA219.cs","MSTA219","HAENGSUNG_HNSMES_UI\Forms\MST\MSTA219.cs"
"MST","MSTA220.cs","MSTA220","HAENGSUNG_HNSMES_UI\Forms\MST\MSTA220.cs"
"MST","MSTA221.cs","MSTA221","HAENGSUNG_HNSMES_UI\Forms\MST\MSTA221.cs"
"MST","MSTB201.cs","MSTB201","HAENGSUNG_HNSMES_UI\Forms\MST\MSTB201.cs"
"OSC","OSCA201.cs","OSCA201","HAENGSUNG_HNSMES_UI\Forms\OSC\OSCA201.cs"
"OSC","OSCA202.cs","OSCA202","HAENGSUNG_HNSMES_UI\Forms\OSC\OSCA202.cs"
"OSC","OSCA203.cs","OSCA203","HAENGSUNG_HNSMES_UI\Forms\OSC\OSCA203.cs"
"OSC","OSCA204.cs","OSCA204","HAENGSUNG_HNSMES_UI\Forms\OSC\OSCA204.cs"
"OSC","OSCA205.cs","OSCA205","HAENGSUNG_HNSMES_UI\Forms\OSC\OSCA205.cs"
"PopUp","MNTB201_POPUP.cs","MNTB201_POPUP","HAENGSUNG_HNSMES_UI\Forms\MNT\PopUp\MNTB201_POPUP.cs"
"PopUp","MNTB202_POPUP.cs","MNTB202_POPUP","HAENGSUNG_HNSMES_UI\Forms\MNT\PopUp\MNTB202_POPUP.cs"
"PopUp","MSTA206_PopUp.cs","MSTA206_PopUp","HAENGSUNG_HNSMES_UI\Forms\MST\PopUp\MSTA206_PopUp.cs"
"PopUp","MSTA206_PopUp2.cs","MSTA206_PopUp2","HAENGSUNG_HNSMES_UI\Forms\MST\PopUp\MSTA206_PopUp2.cs"
"PopUp","MSTA210_PopUp.cs","MSTA210_PopUp","HAENGSUNG_HNSMES_UI\Forms\MST\PopUp\MSTA210_PopUp.cs"
"PopUp","POP_MAT01.cs","POP_MAT01","HAENGSUNG_HNSMES_UI\Forms\MAT\PopUp\POP_MAT01.cs"
"PopUp","POP_MAT02.cs","POP_MAT02","HAENGSUNG_HNSMES_UI\Forms\MAT\PopUp\POP_MAT02.cs"
"PopUp","POP_PRD01.cs","POP_PRD01","HAENGSUNG_HNSMES_UI\Forms\PRD\PopUp\POP_PRD01.cs"
"PopUp","POP_PRD02.cs","POP_PRD02","HAENGSUNG_HNSMES_UI\Forms\PRD\PopUp\POP_PRD02.cs"
"PopUp","POP_PRD03.cs","POP_PRD03","HAENGSUNG_HNSMES_UI\Forms\PRD\PopUp\POP_PRD03.cs"
"PopUp","POP_PRD04.cs","POP_PRD04","HAENGSUNG_HNSMES_UI\Forms\PRD\PopUp\POP_PRD04.cs"
"PopUp","POP_PRD05.cs","POP_PRD05","HAENGSUNG_HNSMES_UI\Forms\PRD\PopUp\POP_PRD05.cs"
"PopUp","POP_PRD06.cs","POP_PRD06","HAENGSUNG_HNSMES_UI\Forms\PRD\PopUp\POP_PRD06.cs"
"PopUp","POP_PRD07.cs","POP_PRD07","HAENGSUNG_HNSMES_UI\Forms\PRD\PopUp\POP_PRD07.cs"
"PopUp","POP_PRD08.cs","POP_PRD08","HAENGSUNG_HNSMES_UI\Forms\PRD\PopUp\POP_PRD08.cs"
"PopUp","POP_PRD201.cs","POP_PRD201","HAENGSUNG_HNSMES_UI\Forms\PRD\PopUp\POP_PRD201.cs"
"PopUp","POP_PRD204_01.cs","POP_PRD204_01","HAENGSUNG_HNSMES_UI\Forms\PRD\PopUp\POP_PRD204_01.cs"
"PopUp","POP_PRD204_02.cs","POP_PRD204_02","HAENGSUNG_HNSMES_UI\Forms\PRD\PopUp\POP_PRD204_02.cs"
"PopUp","POP_PRD204_03.cs","POP_PRD204_03","HAENGSUNG_HNSMES_UI\Forms\PRD\PopUp\POP_PRD204_03.cs"
"PopUp","POP_PRDA201.cs","POP_PRDA201","HAENGSUNG_HNSMES_UI\Forms\PRD\PopUp\POP_PRDA201.cs"
"PopUp","POP_SAL01.cs","POP_SAL01","HAENGSUNG_HNSMES_UI\Forms\SAL\PopUp\POP_SAL01.cs"
"PopUp","POP_SAL02.cs","POP_SAL02","HAENGSUNG_HNSMES_UI\Forms\SAL\PopUp\POP_SAL02.cs"
"POPUP","POP_SYS01.cs","POP_SYS01","HAENGSUNG_HNSMES_UI\Forms\SYS\POPUP\POP_SYS01.cs"
"POPUP","POP_SYSA202.cs","POP_SYSA202","HAENGSUNG_HNSMES_UI\Forms\SYS\POPUP\POP_SYSA202.cs"
"POPUP","POP_SYSB002.cs","POP_SYSB002","HAENGSUNG_HNSMES_UI\Forms\SYS\POPUP\POP_SYSB002.cs"
"PRD","PRDA201.cs","PRDA201","HAENGSUNG_HNSMES_UI\Forms\PRD\PRDA201.cs"
"PRD","PRDA202.cs","PRDA202","HAENGSUNG_HNSMES_UI\Forms\PRD\PRDA202.cs"
"PRD","PRDA203.cs","PRDA203","HAENGSUNG_HNSMES_UI\Forms\PRD\PRDA203.cs"
"PRD","PRDA204.cs","PRDA204","HAENGSUNG_HNSMES_UI\Forms\PRD\PRDA204.cs"
"PRD","PRDA205.cs","PRDA205","HAENGSUNG_HNSMES_UI\Forms\PRD\PRDA205.cs"
"PRD","PRDA206.cs","PRDA206","HAENGSUNG_HNSMES_UI\Forms\PRD\PRDA206.cs"
"PRD","PRDA207.cs","PRDA207","HAENGSUNG_HNSMES_UI\Forms\PRD\PRDA207.cs"
"PRD","PRDA208.cs","PRDA208","HAENGSUNG_HNSMES_UI\Forms\PRD\PRDA208.cs"
"PRD","PRDA209.cs","PRDA209","HAENGSUNG_HNSMES_UI\Forms\PRD\PRDA209.cs"
"PRD","PRDA210.cs","PRDA210","HAENGSUNG_HNSMES_UI\Forms\PRD\PRDA210.cs"
"PRD","PRDA211.cs","PRDA211","HAENGSUNG_HNSMES_UI\Forms\PRD\PRDA211.cs"
"PRD","PRDA212.cs","PRDA212","HAENGSUNG_HNSMES_UI\Forms\PRD\PRDA212.cs"
"PRD","PRDA213.cs","PRDA213","HAENGSUNG_HNSMES_UI\Forms\PRD\PRDA213.cs"
"PRD","PRDA214.cs","PRDA214","HAENGSUNG_HNSMES_UI\Forms\PRD\PRDA214.cs"
"PRD","PRDA215.cs","PRDA215","HAENGSUNG_HNSMES_UI\Forms\PRD\PRDA215.cs"
"PRD","PRDA216.cs","PRDA216","HAENGSUNG_HNSMES_UI\Forms\PRD\PRDA216.cs"
"PRD","PRDA217.cs","PRDA217","HAENGSUNG_HNSMES_UI\Forms\PRD\PRDA217.cs"
"PRD","PRDA218.cs","PRDA218","HAENGSUNG_HNSMES_UI\Forms\PRD\PRDA218.cs"
"PRD","PRDA219.cs","PRDA219","HAENGSUNG_HNSMES_UI\Forms\PRD\PRDA219.cs"
"PRD","PRDA220.cs","PRDA220","HAENGSUNG_HNSMES_UI\Forms\PRD\PRDA220.cs"
"PRD","PRDA221.cs","PRDA221","HAENGSUNG_HNSMES_UI\Forms\PRD\PRDA221.cs"
"PRD","PRDA221N.cs","PRDA221N","HAENGSUNG_HNSMES_UI\Forms\PRD\PRDA221N.cs"
"PRD","PRDA222.cs","PRDA222","HAENGSUNG_HNSMES_UI\Forms\PRD\PRDA222.cs"
"PRD","PRDB201.cs","PRDB201","HAENGSUNG_HNSMES_UI\Forms\PRD\PRDB201.cs"
"PRD","PRDB202.cs","PRDB202","HAENGSUNG_HNSMES_UI\Forms\PRD\PRDB202.cs"
"PRD","PRDB203.cs","PRDB203","HAENGSUNG_HNSMES_UI\Forms\PRD\PRDB203.cs"
"PRD","PRDB204.cs","PRDB204","HAENGSUNG_HNSMES_UI\Forms\PRD\PRDB204.cs"
"PRD","PRDB205.cs","PRDB205","HAENGSUNG_HNSMES_UI\Forms\PRD\PRDB205.cs"
"PRD","PRDB206.cs","PRDB206","HAENGSUNG_HNSMES_UI\Forms\PRD\PRDB206.cs"
"PRD","PRDB207.cs","PRDB207","HAENGSUNG_HNSMES_UI\Forms\PRD\PRDB207.cs"
"PRD","PRDB208.cs","PRDB208","HAENGSUNG_HNSMES_UI\Forms\PRD\PRDB208.cs"
"PRD","PRDC201.cs","PRDC201","HAENGSUNG_HNSMES_UI\Forms\PRD\PRDC201.cs"
"PRD","PRDH001.cs","PRDH001","HAENGSUNG_HNSMES_UI\Forms\PRD\PRDH001.cs"
"RPT","3줄-RPTA213.cs","3줄-RPTA213","HAENGSUNG_HNSMES_UI\Forms\RPT\3줄-RPTA213.cs"
"RPT","RPTA201.cs","RPTA201","HAENGSUNG_HNSMES_UI\Forms\RPT\RPTA201.cs"
"RPT","RPTA202.cs","RPTA202","HAENGSUNG_HNSMES_UI\Forms\RPT\RPTA202.cs"
"RPT","RPTA203.cs","RPTA203","HAENGSUNG_HNSMES_UI\Forms\RPT\RPTA203.cs"
"RPT","RPTA204.cs","RPTA204","HAENGSUNG_HNSMES_UI\Forms\RPT\RPTA204.cs"
"RPT","RPTA205.cs","RPTA205","HAENGSUNG_HNSMES_UI\Forms\RPT\RPTA205.cs"
"RPT","RPTA206.cs","RPTA206","HAENGSUNG_HNSMES_UI\Forms\RPT\RPTA206.cs"
"RPT","RPTA207.cs","RPTA207","HAENGSUNG_HNSMES_UI\Forms\RPT\RPTA207.cs"
"RPT","RPTA208.cs","RPTA208","HAENGSUNG_HNSMES_UI\Forms\RPT\RPTA208.cs"
"RPT","RPTA209.cs","RPTA209","HAENGSUNG_HNSMES_UI\Forms\RPT\RPTA209.cs"
"RPT","RPTA210.cs","RPTA210","HAENGSUNG_HNSMES_UI\Forms\RPT\RPTA210.cs"
"RPT","RPTA211.cs","RPTA211","HAENGSUNG_HNSMES_UI\Forms\RPT\RPTA211.cs"
"RPT","RPTA212.cs","RPTA212","HAENGSUNG_HNSMES_UI\Forms\RPT\RPTA212.cs"
"RPT","RPTA213.cs","RPTA213","HAENGSUNG_HNSMES_UI\Forms\RPT\RPTA213.cs"
"RPT","RPTA2131.cs","RPTA2131","HAENGSUNG_HNSMES_UI\Forms\RPT\RPTA2131.cs"
"RPT","RPTA2132.cs","RPTA2132","HAENGSUNG_HNSMES_UI\Forms\RPT\RPTA2132.cs"
"RPT","RPTA214.cs","RPTA214","HAENGSUNG_HNSMES_UI\Forms\RPT\RPTA214.cs"
"RPT","RPTA215.cs","RPTA215","HAENGSUNG_HNSMES_UI\Forms\RPT\RPTA215.cs"
"RPT","RPTA216.cs","RPTA216","HAENGSUNG_HNSMES_UI\Forms\RPT\RPTA216.cs"
"RPT","RPTA2161.cs","RPTA2161","HAENGSUNG_HNSMES_UI\Forms\RPT\RPTA2161.cs"
"RPT","RPTA2162.cs","RPTA2162","HAENGSUNG_HNSMES_UI\Forms\RPT\RPTA2162.cs"
"RPT","RPTDS.cs","RPTDS","HAENGSUNG_HNSMES_UI\Forms\RPT\RPTDS.cs"
"SAL","SALA201.cs","SALA201","HAENGSUNG_HNSMES_UI\Forms\SAL\SALA201.cs"
"SAL","SALA202.cs","SALA202","HAENGSUNG_HNSMES_UI\Forms\SAL\SALA202.cs"
"SAL","SALA203.cs","SALA203","HAENGSUNG_HNSMES_UI\Forms\SAL\SALA203.cs"
"SAL","SALA204.cs","SALA204","HAENGSUNG_HNSMES_UI\Forms\SAL\SALA204.cs"
"SAL","SALB201.cs","SALB201","HAENGSUNG_HNSMES_UI\Forms\SAL\SALB201.cs"
"SAL","SALB202.cs","SALB202","HAENGSUNG_HNSMES_UI\Forms\SAL\SALB202.cs"
"SAL","SALB203.cs","SALB203","HAENGSUNG_HNSMES_UI\Forms\SAL\SALB203.cs"
"SAMPLE","TSTA001.cs","TSTA001","HAENGSUNG_HNSMES_UI\Forms\SAMPLE\TSTA001.cs"
"SAMPLE","TSTA002.cs","TSTA002","HAENGSUNG_HNSMES_UI\Forms\SAMPLE\TSTA002.cs"
"SAMPLE","TSTA003.cs","TSTA003","HAENGSUNG_HNSMES_UI\Forms\SAMPLE\TSTA003.cs"
"SAMPLE","TSTA004.cs","TSTA004","HAENGSUNG_HNSMES_UI\Forms\SAMPLE\TSTA004.cs"
"SAMPLE","TSTA005.cs","TSTA005","HAENGSUNG_HNSMES_UI\Forms\SAMPLE\TSTA005.cs"
"SYS","SYSA201.cs","SYSA201","HAENGSUNG_HNSMES_UI\Forms\SYS\SYSA201.cs"
"SYS","SYSA202.cs","SYSA202","HAENGSUNG_HNSMES_UI\Forms\SYS\SYSA202.cs"
"SYS","SYSA203.cs","SYSA203","HAENGSUNG_HNSMES_UI\Forms\SYS\SYSA203.cs"
"SYS","SYSA204.cs","SYSA204","HAENGSUNG_HNSMES_UI\Forms\SYS\SYSA204.cs"
"SYS","SYSA205.cs","SYSA205","HAENGSUNG_HNSMES_UI\Forms\SYS\SYSA205.cs"
"SYS","SYSA206.cs","SYSA206","HAENGSUNG_HNSMES_UI\Forms\SYS\SYSA206.cs"
"SYS","SYSA207.cs","SYSA207","HAENGSUNG_HNSMES_UI\Forms\SYS\SYSA207.cs"
"SYS","SYSA208.cs","SYSA208","HAENGSUNG_HNSMES_UI\Forms\SYS\SYSA208.cs"
"SYS","SYSA209.cs","SYSA209","HAENGSUNG_HNSMES_UI\Forms\SYS\SYSA209.cs"
"SYS","SYSA210.cs","SYSA210","HAENGSUNG_HNSMES_UI\Forms\SYS\SYSA210.cs"
"SYS","SYSA211.cs","SYSA211","HAENGSUNG_HNSMES_UI\Forms\SYS\SYSA211.cs"
"SYS","SYSA212.cs","SYSA212","HAENGSUNG_HNSMES_UI\Forms\SYS\SYSA212.cs"
"SYS","SYSA213.cs","SYSA213","HAENGSUNG_HNSMES_UI\Forms\SYS\SYSA213.cs"
"SYS","SYSA214.cs","SYSA214","HAENGSUNG_HNSMES_UI\Forms\SYS\SYSA214.cs"
"SYS","SYSA215.cs","SYSA215","HAENGSUNG_HNSMES_UI\Forms\SYS\SYSA215.cs"
